time,unit,demand_ptg
5593,1,0.0
5593,2,53.15407553286264
5593,3,23.82037693427488
5593,4,52.277443073474416
5594,1,0.0
5594,2,55.45180948720678
5594,3,23.498958025586347
5594,4,52.746070711248564
5595,1,0.0
5595,2,70.30460612226462
5595,3,16.730418401061005
5595,4,42.33710379946951
5596,1,0.0
5596,2,0.0
5596,3,0.0
5596,4,0.0
5597,1,0.0
5597,2,0.0
5597,3,0.0
5597,4,0.0
5598,1,0.0
5598,2,0.0
5598,3,0.0
5598,4,0.0
5599,1,0.0
5599,2,0.0
5599,3,0.0
5599,4,0.0
5600,1,0.0
5600,2,0.0
5600,3,0.0
5600,4,0.0
5601,1,0.0
5601,2,0.0
5601,3,0.0
5601,4,0.0
5602,1,0.0
5602,2,0.0
5602,3,0.0
5602,4,0.0
5603,1,0.0
5603,2,0.0
5603,3,0.0
5603,4,0.0
5604,1,0.0
5604,2,0.0
5604,3,0.0
5604,4,0.0
5605,1,0.0
5605,2,0.0
5605,3,0.0
5605,4,0.0
5606,1,0.0
5606,2,0.0
5606,3,0.0
5606,4,0.0
5607,1,0.0
5607,2,0.0
5607,3,0.0
5607,4,0.0
5608,1,0.0
5608,2,0.0
5608,3,0.0
5608,4,0.0
5609,1,0.0
5609,2,0.0
5609,3,0.0
5609,4,0.0
5610,1,0.0
5610,2,0.0
5610,3,0.0
5610,4,0.0
5611,1,0.0
5611,2,0.0
5611,3,0.0
5611,4,0.0
5612,1,0.0
5612,2,0.0
5612,3,0.0
5612,4,0.0
5613,1,0.0
5613,2,0.0
5613,3,0.0
5613,4,0.0
5614,1,0.0
5614,2,0.0
5614,3,0.0
5614,4,0.0
5615,1,0.0
5615,2,86.99310276872406
5615,3,5.2593982870478335
5615,4,12.59768035647606
5616,1,0.0
5616,2,60.53012979140544
5616,3,16.260158084048022
5616,4,40.73421045797598
5617,1,0.0
5617,2,54.545202190692436
5617,3,20.786144618615225
5617,4,37.650907950551456
5618,1,0.0
5618,2,52.72484932708694
5618,3,19.85186634582626
5618,4,45.63778780292217
5619,1,0.0
5619,2,67.81813539382293
5619,3,12.339291005780334
5619,4,33.07111449710982
5620,1,0.0
5620,2,0.0
5620,3,0.0
5620,4,0.0
5621,1,0.0
5621,2,0.0
5621,3,0.0
5621,4,0.0
5622,1,0.0
5622,2,0.0
5622,3,0.0
5622,4,0.0
5623,1,0.0
5623,2,0.0
5623,3,0.0
5623,4,0.0
5624,1,0.0
5624,2,0.0
5624,3,0.0
5624,4,0.0
5625,1,0.0
5625,2,0.0
5625,3,0.0
5625,4,0.0
5626,1,0.0
5626,2,0.0
5626,3,0.0
5626,4,0.0
5627,1,0.0
5627,2,0.0
5627,3,0.0
5627,4,0.0
5628,1,0.0
5628,2,0.0
5628,3,0.0
5628,4,0.0
5629,1,0.0
5629,2,0.0
5629,3,0.0
5629,4,0.0
5630,1,0.0
5630,2,0.0
5630,3,0.0
5630,4,0.0
5631,1,0.0
5631,2,0.0
5631,3,0.0
5631,4,0.0
5632,1,0.0
5632,2,0.0
5632,3,0.0
5632,4,0.0
5633,1,0.0
5633,2,0.0
5633,3,0.0
5633,4,0.0
5634,1,0.0
5634,2,0.0
5634,3,0.0
5634,4,0.0
5635,1,0.0
5635,2,0.0
5635,3,0.0
5635,4,0.0
5636,1,0.0
5636,2,0.0
5636,3,0.0
5636,4,0.0
5637,1,0.0
5637,2,0.0
5637,3,0.0
5637,4,0.0
5638,1,0.0
5638,2,0.0
5638,3,0.0
5638,4,0.0
5639,1,0.0
5639,2,0.0
5639,3,0.0
5639,4,0.0
5640,1,0.0
5640,2,0.0
5640,3,0.0
5640,4,0.0
5641,1,0.0
5641,2,0.0
5641,3,0.0
5641,4,0.0
5642,1,0.0
5642,2,0.0
5642,3,0.0
5642,4,0.0
5643,1,0.0
5643,2,0.0
5643,3,0.0
5643,4,0.0
5644,1,0.0
5644,2,0.0
5644,3,0.0
5644,4,0.0
5645,1,0.0
5645,2,0.0
5645,3,0.0
5645,4,0.0
5646,1,0.0
5646,2,0.0
5646,3,0.0
5646,4,0.0
5647,1,0.0
5647,2,0.0
5647,3,0.0
5647,4,0.0
5648,1,0.0
5648,2,0.0
5648,3,0.0
5648,4,0.0
5649,1,0.0
5649,2,0.0
5649,3,0.0
5649,4,0.0
5650,1,0.0
5650,2,0.0
5650,3,0.0
5650,4,0.0
5651,1,0.0
5651,2,0.0
5651,3,0.0
5651,4,0.0
5652,1,0.0
5652,2,0.0
5652,3,0.0
5652,4,0.0
5653,1,0.0
5653,2,0.0
5653,3,0.0
5653,4,0.0
5654,1,0.0
5654,2,0.0
5654,3,0.0
5654,4,0.0
5655,1,0.0
5655,2,0.0
5655,3,0.0
5655,4,0.0
5656,1,0.0
5656,2,0.0
5656,3,0.0
5656,4,0.0
5657,1,0.0
5657,2,0.0
5657,3,0.0
5657,4,0.0
5658,1,0.0
5658,2,0.0
5658,3,0.0
5658,4,0.0
5659,1,0.0
5659,2,0.0
5659,3,0.0
5659,4,0.0
5660,1,0.0
5660,2,0.0
5660,3,0.0
5660,4,0.0
5661,1,0.0
5661,2,0.0
5661,3,0.0
5661,4,0.0
5662,1,0.0
5662,2,0.0
5662,3,0.0
5662,4,0.0
5663,1,0.0
5663,2,0.0
5663,3,0.0
5663,4,0.0
5664,1,0.0
5664,2,0.0
5664,3,0.0
5664,4,0.0
5665,1,0.0
5665,2,0.0
5665,3,0.0
5665,4,0.0
5666,1,0.0
5666,2,0.0
5666,3,0.0
5666,4,0.0
5667,1,0.0
5667,2,0.0
5667,3,0.0
5667,4,0.0
5668,1,0.0
5668,2,0.0
5668,3,0.0
5668,4,0.0
5669,1,0.0
5669,2,0.0
5669,3,0.0
5669,4,0.0
5670,1,0.0
5670,2,0.0
5670,3,0.0
5670,4,0.0
5671,1,0.0
5671,2,0.0
5671,3,0.0
5671,4,0.0
5672,1,0.0
5672,2,0.0
5672,3,0.0
5672,4,0.0
5673,1,0.0
5673,2,0.0
5673,3,0.0
5673,4,0.0
5674,1,0.0
5674,2,0.0
5674,3,0.0
5674,4,0.0
5675,1,0.0
5675,2,0.0
5675,3,0.0
5675,4,0.0
5676,1,0.0
5676,2,0.0
5676,3,0.0
5676,4,0.0
5677,1,0.0
5677,2,0.0
5677,3,0.0
5677,4,0.0
5678,1,0.0
5678,2,0.0
5678,3,0.0
5678,4,0.0
5679,1,0.0
5679,2,0.0
5679,3,0.0
5679,4,0.0
5680,1,0.0
5680,2,0.0
5680,3,0.0
5680,4,0.0
5681,1,0.0
5681,2,0.0
5681,3,0.0
5681,4,0.0
5682,1,0.0
5682,2,0.0
5682,3,0.0
5682,4,0.0
5683,1,0.0
5683,2,0.0
5683,3,0.0
5683,4,0.0
5684,1,0.0
5684,2,0.0
5684,3,0.0
5684,4,0.0
5685,1,0.0
5685,2,0.0
5685,3,0.0
5685,4,0.0
5686,1,0.0
5686,2,0.0
5686,3,0.0
5686,4,0.0
5687,1,0.0
5687,2,0.0
5687,3,0.0
5687,4,0.0
5688,1,0.0
5688,2,0.0
5688,3,0.0
5688,4,0.0
5689,1,0.0
5689,2,0.0
5689,3,0.0
5689,4,0.0
5690,1,0.0
5690,2,0.0
5690,3,0.0
5690,4,0.0
5691,1,0.0
5691,2,0.0
5691,3,0.0
5691,4,0.0
5692,1,0.0
5692,2,0.0
5692,3,0.0
5692,4,0.0
5693,1,0.0
5693,2,0.0
5693,3,0.0
5693,4,0.0
5694,1,0.0
5694,2,0.0
5694,3,0.0
5694,4,0.0
5695,1,0.0
5695,2,0.0
5695,3,0.0
5695,4,0.0
5696,1,0.0
5696,2,0.0
5696,3,0.0
5696,4,0.0
5697,1,0.0
5697,2,0.0
5697,3,0.0
5697,4,0.0
5698,1,0.0
5698,2,0.0
5698,3,0.0
5698,4,0.0
5699,1,0.0
5699,2,0.0
5699,3,0.0
5699,4,0.0
5700,1,0.0
5700,2,0.0
5700,3,0.0
5700,4,0.0
5701,1,0.0
5701,2,0.0
5701,3,0.0
5701,4,0.0
5702,1,0.0
5702,2,0.0
5702,3,0.0
5702,4,0.0
5703,1,0.0
5703,2,0.0
5703,3,0.0
5703,4,0.0
5704,1,0.0
5704,2,0.0
5704,3,0.0
5704,4,0.0
5705,1,0.0
5705,2,0.0
5705,3,0.0
5705,4,0.0
5706,1,0.0
5706,2,0.0
5706,3,0.0
5706,4,0.0
5707,1,0.0
5707,2,0.0
5707,3,0.0
5707,4,0.0
5708,1,0.0
5708,2,0.0
5708,3,0.0
5708,4,0.0
5709,1,0.0
5709,2,0.0
5709,3,0.0
5709,4,0.0
5710,1,0.0
5710,2,0.0
5710,3,0.0
5710,4,0.0
5711,1,0.0
5711,2,0.0
5711,3,0.0
5711,4,0.0
5712,1,0.0
5712,2,0.0
5712,3,0.0
5712,4,0.0
5713,1,0.0
5713,2,0.0
5713,3,0.0
5713,4,0.0
5714,1,0.0
5714,2,0.0
5714,3,0.0
5714,4,0.0
5715,1,0.0
5715,2,0.0
5715,3,0.0
5715,4,0.0
5716,1,0.0
5716,2,0.0
5716,3,0.0
5716,4,0.0
5717,1,0.0
5717,2,0.0
5717,3,0.0
5717,4,0.0
5718,1,0.0
5718,2,0.0
5718,3,0.0
5718,4,0.0
5719,1,0.0
5719,2,0.0
5719,3,0.0
5719,4,0.0
5720,1,0.0
5720,2,0.0
5720,3,0.0
5720,4,0.0
5721,1,0.0
5721,2,0.0
5721,3,0.0
5721,4,0.0
5722,1,0.0
5722,2,0.0
5722,3,0.0
5722,4,0.0
5723,1,0.0
5723,2,0.0
5723,3,0.0
5723,4,0.0
5724,1,0.0
5724,2,0.0
5724,3,0.0
5724,4,0.0
5725,1,0.0
5725,2,0.0
5725,3,0.0
5725,4,0.0
5726,1,0.0
5726,2,0.0
5726,3,0.0
5726,4,0.0
5727,1,0.0
5727,2,0.0
5727,3,0.0
5727,4,0.0
5728,1,0.0
5728,2,0.0
5728,3,0.0
5728,4,0.0
5729,1,0.0
5729,2,0.0
5729,3,0.0
5729,4,0.0
5730,1,0.0
5730,2,0.0
5730,3,0.0
5730,4,0.0
5731,1,0.0
5731,2,0.0
5731,3,0.0
5731,4,0.0
5732,1,0.0
5732,2,0.0
5732,3,0.0
5732,4,0.0
5733,1,0.0
5733,2,0.0
5733,3,0.0
5733,4,0.0
5734,1,0.0
5734,2,0.0
5734,3,0.0
5734,4,0.0
5735,1,0.0
5735,2,0.0
5735,3,0.0
5735,4,0.0
5736,1,0.0
5736,2,0.0
5736,3,0.0
5736,4,0.0
5737,1,0.0
5737,2,0.0
5737,3,0.0
5737,4,0.0
5738,1,0.0
5738,2,0.0
5738,3,0.0
5738,4,0.0
5739,1,0.0
5739,2,0.0
5739,3,0.0
5739,4,0.0
5740,1,0.0
5740,2,0.0
5740,3,0.0
5740,4,0.0
5741,1,0.0
5741,2,0.0
5741,3,0.0
5741,4,0.0
5742,1,0.0
5742,2,0.0
5742,3,0.0
5742,4,0.0
5743,1,0.0
5743,2,0.0
5743,3,0.0
5743,4,0.0
5744,1,0.0
5744,2,0.0
5744,3,0.0
5744,4,0.0
5745,1,0.0
5745,2,0.0
5745,3,0.0
5745,4,0.0
5746,1,0.0
5746,2,0.0
5746,3,0.0
5746,4,0.0
5747,1,0.0
5747,2,0.0
5747,3,0.0
5747,4,0.0
5748,1,0.0
5748,2,0.0
5748,3,0.0
5748,4,0.0
5749,1,0.0
5749,2,0.0
5749,3,0.0
5749,4,0.0
5750,1,0.0
5750,2,0.0
5750,3,0.0
5750,4,0.0
5751,1,0.0
5751,2,0.0
5751,3,0.0
5751,4,0.0
5752,1,0.0
5752,2,0.0
5752,3,0.0
5752,4,0.0
5753,1,0.0
5753,2,0.0
5753,3,0.0
5753,4,0.0
5754,1,0.0
5754,2,0.0
5754,3,0.0
5754,4,0.0
5755,1,0.0
5755,2,0.0
5755,3,0.0
5755,4,0.0
5756,1,0.0
5756,2,0.0
5756,3,0.0
5756,4,0.0
5757,1,0.0
5757,2,0.0
5757,3,0.0
5757,4,0.0
5758,1,0.0
5758,2,0.0
5758,3,0.0
5758,4,0.0
5759,1,0.0
5759,2,0.0
5759,3,0.0
5759,4,0.0
5760,1,0.0
5760,2,0.0
5760,3,0.0
5760,4,0.0
